Catégorie,Prix,Localisation,Image
Vêtements Homme,N/A,N/A,https://static.coinafrique.com/static/images/badge_top.svg
Vêtements Homme,N/A,N/A,
Vêtements Homme,N/A,N/A,https://images.coinafrique.com/thumb_5186517_uploaded_image1_1739580333.jpg
Vêtements Homme,N/A,N/A,https://images.coinafrique.com/thumb_5167839_uploaded_image1_1738613049.jpg
Vêtements Homme,N/A,N/A,https://images.coinafrique.com/thumb_5181202_uploaded_image1_1739296896.jpg
Vêtements Homme,N/A,N/A,https://images.coinafrique.com/thumb_5198746_uploaded_image1_1740258870.jpg
Vêtements Homme,N/A,N/A,https://images.coinafrique.com/thumb_5179614_uploaded_image1_1739215765.jpg
Vêtements Homme,N/A,N/A,https://images.coinafrique.com/thumb_5198094_uploaded_image1_1740224914.jpg
Vêtements Homme,N/A,N/A,https://images.coinafrique.com/thumb_5197736_uploaded_image1_1740211862.jpg
Vêtements Homme,N/A,N/A,https://images.coinafrique.com/thumb_5196625_uploaded_image1_1740145369.jpg
Vêtements Homme,N/A,N/A,https://images.coinafrique.com/thumb_5182298_uploaded_image1_1739364640.jpg
Vêtements Homme,N/A,N/A,https://images.coinafrique.com/thumb_5195658_uploaded_image1_1740079988.jpg
Vêtements Homme,N/A,N/A,https://images.coinafrique.com/thumb_5151233_uploaded_image1_1737722780.jpg
Vêtements Homme,N/A,N/A,https://images.coinafrique.com/thumb_5193321_uploaded_image1_1739977517.jpg
Vêtements Homme,N/A,N/A,https://images.coinafrique.com/thumb_5192223_uploaded_image1_1739913574.jpg
Vêtements Homme,N/A,N/A,https://images.coinafrique.com/thumb_5190565_uploaded_image1_1739835602.jpg
Vêtements Homme,N/A,N/A,https://images.coinafrique.com/thumb_5141181_uploaded_image1_1737203810.jpg
Vêtements Homme,N/A,N/A,https://images.coinafrique.com/thumb_5186410_uploaded_image1_1739572880.jpg
Vêtements Homme,N/A,N/A,https://images.coinafrique.com/thumb_5186335_uploaded_image1_1739567861.jpg
Vêtements Homme,N/A,N/A,https://images.coinafrique.com/thumb_5184663_uploaded_image1_1739469851.jpg
Vêtements Homme,N/A,N/A,https://images.coinafrique.com/thumb_5184001_uploaded_image1_1739445536.jpg
Vêtements Homme,N/A,N/A,https://images.coinafrique.com/thumb_5182989_uploaded_image1_1739389601.jpg
Vêtements Homme,N/A,N/A,https://images.coinafrique.com/thumb_5135693_uploaded_image1_1736930542.jpg
Vêtements Homme,N/A,N/A,https://images.coinafrique.com/thumb_5181605_uploaded_image1_1739313945.jpg
Vêtements Homme,N/A,N/A,https://images.coinafrique.com/thumb_5181581_uploaded_image1_1739311519.jpg
Vêtements Homme,N/A,N/A,https://images.coinafrique.com/thumb_5180647_uploaded_image1_1739276033.jpg
Vêtements Homme,N/A,N/A,https://images.coinafrique.com/thumb_5179844_uploaded_image1_1739225129.jpg
Vêtements Homme,N/A,N/A,https://images.coinafrique.com/thumb_5130429_uploaded_image1_1736616495.jpg
Vêtements Homme,N/A,N/A,https://images.coinafrique.com/thumb_5134851_uploaded_image1_1736879211.jpg
Vêtements Homme,N/A,N/A,https://images.coinafrique.com/thumb_5141405_uploaded_image1_1737216366.jpg
Vêtements Homme,N/A,N/A,https://images.coinafrique.com/thumb_5176044_uploaded_image1_1739005206.jpg
Vêtements Homme,N/A,N/A,https://images.coinafrique.com/thumb_5127469_uploaded_image1_1736445621.jpg
Vêtements Homme,N/A,N/A,https://images.coinafrique.com/thumb_5127408_uploaded_image1_1736443373.jpg
Vêtements Homme,N/A,N/A,https://images.coinafrique.com/thumb_5171118_uploaded_image1_1738755635.jpg
Vêtements Homme,N/A,N/A,https://images.coinafrique.com/thumb_5168364_uploaded_image1_1738628825.jpg
Vêtements Homme,N/A,N/A,https://images.coinafrique.com/thumb_5119513_uploaded_image1_1736026950.jpg
Vêtements Homme,N/A,N/A,https://images.coinafrique.com/thumb_5119265_uploaded_image1_1736012510.jpg
Vêtements Homme,N/A,N/A,https://images.coinafrique.com/thumb_5119693_uploaded_image1_1736044548.jpg
Vêtements Homme,N/A,N/A,https://images.coinafrique.com/thumb_5166796_uploaded_image1_1738580809.jpg
Vêtements Homme,N/A,N/A,https://images.coinafrique.com/thumb_5166739_uploaded_image1_1738579217.jpg
Vêtements Homme,N/A,N/A,https://images.coinafrique.com/thumb_5166733_uploaded_image1_1738579033.jpg
Vêtements Homme,N/A,N/A,https://images.coinafrique.com/thumb_5166726_uploaded_image1_1738578838.jpg
Vêtements Homme,N/A,N/A,https://images.coinafrique.com/thumb_5165738_uploaded_image2_1738518505.jpeg
Vêtements Homme,N/A,N/A,https://images.coinafrique.com/thumb_5165652_uploaded_image1_1738513597.jpg
Vêtements Homme,N/A,N/A,https://images.coinafrique.com/thumb_5165562_uploaded_image1_1738508823.jpg
Vêtements Homme,N/A,N/A,https://images.coinafrique.com/thumb_5165560_uploaded_image1_1738508708.jpg
Vêtements Homme,N/A,N/A,https://images.coinafrique.com/thumb_5165558_uploaded_image1_1738508550.jpg
Vêtements Homme,N/A,N/A,https://images.coinafrique.com/thumb_5165554_uploaded_image1_1738508381.jpg
Vêtements Homme,N/A,N/A,https://images.coinafrique.com/thumb_5116407_uploaded_image1_1735847542.jpg
Vêtements Homme,N/A,N/A,https://images.coinafrique.com/thumb_5160811_uploaded_image1_1738241510.jpg
Vêtements Homme,N/A,N/A,https://images.coinafrique.com/thumb_5159405_uploaded_image1_1738166663.jpg
Vêtements Homme,N/A,N/A,https://images.coinafrique.com/thumb_5159399_uploaded_image1_1738166591.jpg
Vêtements Homme,N/A,N/A,https://images.coinafrique.com/thumb_5156588_uploaded_image1_1738049517.jpg
Vêtements Homme,N/A,N/A,https://images.coinafrique.com/thumb_5156585_uploaded_image1_1738049440.jpg
Vêtements Homme,N/A,N/A,https://images.coinafrique.com/thumb_5156025_uploaded_image1_1738009610.jpg
Vêtements Homme,N/A,N/A,https://images.coinafrique.com/thumb_5155643_uploaded_image1_1737994709.jpg
Vêtements Homme,N/A,N/A,https://images.coinafrique.com/thumb_5155250_uploaded_image1_1737982432.jpg
Vêtements Homme,N/A,N/A,https://images.coinafrique.com/thumb_5155092_uploaded_image2_1737976206.jpeg
Vêtements Homme,N/A,N/A,https://images.coinafrique.com/thumb_5154164_uploaded_image1_1737913900.jpg
Vêtements Homme,N/A,N/A,https://images.coinafrique.com/thumb_5154161_uploaded_image1_1737913840.jpg
Vêtements Homme,N/A,N/A,https://images.coinafrique.com/thumb_5154157_uploaded_image2_1737913775.jpeg
Vêtements Homme,N/A,N/A,https://images.coinafrique.com/thumb_5154154_uploaded_image1_1737913707.jpg
Vêtements Homme,N/A,N/A,https://images.coinafrique.com/thumb_5154152_uploaded_image1_1737913645.jpg
Vêtements Homme,N/A,N/A,https://images.coinafrique.com/thumb_5149969_uploaded_image1_1737655503.jpg
Vêtements Homme,N/A,N/A,https://images.coinafrique.com/thumb_5149957_uploaded_image1_1737655158.jpg
Vêtements Homme,N/A,N/A,https://images.coinafrique.com/thumb_5149891_uploaded_image1_1737653080.jpg
Vêtements Homme,N/A,N/A,https://images.coinafrique.com/thumb_5147857_uploaded_image1_1737561601.jpg
Vêtements Homme,N/A,N/A,https://images.coinafrique.com/thumb_5104607_uploaded_image1_1734974719.jpg
Vêtements Homme,N/A,N/A,https://images.coinafrique.com/thumb_5105336_uploaded_image1_1735030845.jpg
Vêtements Homme,N/A,N/A,https://images.coinafrique.com/thumb_5147705_uploaded_image1_1737556553.jpg
Vêtements Homme,N/A,N/A,https://images.coinafrique.com/thumb_5147699_uploaded_image1_1737556424.jpg
Vêtements Homme,N/A,N/A,https://images.coinafrique.com/thumb_5145144_uploaded_image1_1737451281.jpg
Vêtements Homme,N/A,N/A,https://images.coinafrique.com/thumb_5139741_uploaded_image1_1737118803.jpg
Vêtements Homme,N/A,N/A,https://images.coinafrique.com/thumb_5138792_uploaded_image1_1737058114.jpg
Vêtements Homme,N/A,N/A,https://images.coinafrique.com/thumb_5137131_uploaded_image1_1736980238.jpg
Vêtements Homme,N/A,N/A,https://images.coinafrique.com/thumb_5101945_uploaded_image1_1734782082.jpg
Vêtements Homme,N/A,N/A,https://images.coinafrique.com/thumb_5133103_uploaded_image1_1736792637.jpg
Vêtements Homme,N/A,N/A,https://images.coinafrique.com/thumb_5131485_uploaded_image1_1736700008.jpg
Vêtements Homme,N/A,N/A,https://images.coinafrique.com/thumb_5131126_uploaded_image1_1736678817.jpg
Vêtements Homme,N/A,N/A,https://images.coinafrique.com/thumb_5131117_uploaded_image1_1736677702.jpg
Vêtements Homme,N/A,N/A,https://images.coinafrique.com/thumb_5130694_uploaded_image1_1736629706.jpg
Vêtements Homme,N/A,N/A,https://images.coinafrique.com/thumb_5130442_uploaded_image1_1736617115.jpg
Vêtements Homme,N/A,N/A,https://images.coinafrique.com/thumb_5129420_uploaded_image1_1736548677.jpg
Vêtements Homme,N/A,N/A,https://images.coinafrique.com/thumb_5129006_uploaded_image1_1736528645.jpg
Vêtements Homme,N/A,N/A,https://images.coinafrique.com/thumb_5126818_uploaded_image1_1736423423.jpg
Vêtements Homme,N/A,N/A,https://images.coinafrique.com/thumb_5126225_uploaded_image1_1736384138.jpg
Vêtements Homme,N/A,N/A,
Vêtements Homme,N/A,N/A,
Vêtements Homme,N/A,N/A,https://static.coinafrique.com/static/images/badge_top.svg
Vêtements Homme,N/A,N/A,
Vêtements Homme,N/A,N/A,https://images.coinafrique.com/thumb_5125921_uploaded_image1_1736368741.jpg
Vêtements Homme,N/A,N/A,https://images.coinafrique.com/thumb_5125477_uploaded_image1_1736354339.jpg
Vêtements Homme,N/A,N/A,https://images.coinafrique.com/thumb_5124119_uploaded_image1_1736283986.jpg
Vêtements Homme,N/A,N/A,https://images.coinafrique.com/thumb_5123705_uploaded_image1_1736266670.jpg
Vêtements Homme,N/A,N/A,https://images.coinafrique.com/thumb_5122595_uploaded_image1_1736216554.jpg
Vêtements Homme,N/A,N/A,https://images.coinafrique.com/thumb_5121972_uploaded_image1_1736187214.jpg
Vêtements Homme,N/A,N/A,https://images.coinafrique.com/thumb_5121970_uploaded_image1_1736187110.jpg
Vêtements Homme,N/A,N/A,https://images.coinafrique.com/thumb_5121968_uploaded_image2_1736186951.jpeg
Vêtements Homme,N/A,N/A,https://images.coinafrique.com/thumb_5121681_uploaded_image1_1736175141.jpg
Vêtements Homme,N/A,N/A,https://images.coinafrique.com/thumb_5119898_uploaded_image1_1736069027.jpg
Vêtements Homme,N/A,N/A,https://images.coinafrique.com/thumb_5119894_uploaded_image1_1736068886.jpg
Vêtements Homme,N/A,N/A,https://images.coinafrique.com/thumb_5118948_uploaded_image1_1735994888.jpg
Vêtements Homme,N/A,N/A,https://images.coinafrique.com/thumb_5118945_uploaded_image1_1735994636.jpg
Vêtements Homme,N/A,N/A,https://images.coinafrique.com/thumb_5118036_uploaded_image1_1735932645.jpg
Vêtements Homme,N/A,N/A,https://images.coinafrique.com/thumb_5076364_uploaded_image1_1733345663.jpg
Vêtements Homme,N/A,N/A,https://images.coinafrique.com/thumb_5115022_uploaded_image1_1735766837.jpg
Vêtements Homme,N/A,N/A,https://images.coinafrique.com/thumb_5114294_uploaded_image1_1735672479.jpg
Vêtements Homme,N/A,N/A,https://images.coinafrique.com/thumb_5113767_uploaded_image1_1735639791.jpg
Vêtements Homme,N/A,N/A,https://images.coinafrique.com/thumb_5113572_uploaded_image1_1735625725.jpg
Vêtements Homme,N/A,N/A,https://images.coinafrique.com/thumb_5111696_uploaded_image1_1735494852.jpg
Vêtements Homme,N/A,N/A,https://images.coinafrique.com/thumb_5111688_uploaded_image1_1735494507.jpg
Vêtements Homme,N/A,N/A,https://images.coinafrique.com/thumb_5110645_uploaded_image1_1735408325.jpg
Vêtements Homme,N/A,N/A,https://images.coinafrique.com/thumb_5110377_uploaded_image1_1735393334.jpg
Vêtements Homme,N/A,N/A,https://images.coinafrique.com/thumb_5110368_uploaded_image1_1735392770.jpg
Vêtements Homme,N/A,N/A,https://images.coinafrique.com/thumb_5110343_uploaded_image1_1735391014.jpg
Vêtements Homme,N/A,N/A,https://images.coinafrique.com/thumb_5110311_uploaded_image1_1735389448.jpg
Vêtements Homme,N/A,N/A,https://images.coinafrique.com/thumb_5109611_uploaded_image1_1735334339.jpg
Vêtements Homme,N/A,N/A,https://images.coinafrique.com/thumb_5108457_uploaded_image1_1735264866.jpg
Vêtements Homme,N/A,N/A,https://images.coinafrique.com/thumb_5107282_uploaded_image1_1735178930.jpg
Vêtements Homme,N/A,N/A,https://images.coinafrique.com/thumb_5107278_uploaded_image1_1735178241.jpg
Vêtements Homme,N/A,N/A,https://images.coinafrique.com/thumb_5107273_uploaded_image1_1735177987.jpg
Vêtements Homme,N/A,N/A,https://images.coinafrique.com/thumb_5066572_uploaded_image1_1732835951.jpg
Vêtements Homme,N/A,N/A,https://images.coinafrique.com/thumb_5107087_uploaded_image2_1735155580.jpeg
Vêtements Homme,N/A,N/A,https://images.coinafrique.com/thumb_5107078_uploaded_image1_1735154997.jpg
Vêtements Homme,N/A,N/A,https://images.coinafrique.com/thumb_5106791_uploaded_image1_1735135673.jpg
Vêtements Homme,N/A,N/A,https://images.coinafrique.com/thumb_5064576_uploaded_image1_1732729231.jpg
Vêtements Homme,N/A,N/A,https://images.coinafrique.com/thumb_5063976_uploaded_image1_1732703634.jpg
Vêtements Homme,N/A,N/A,https://images.coinafrique.com/thumb_5103711_uploaded_image1_1734928985.jpg
Vêtements Homme,N/A,N/A,https://images.coinafrique.com/thumb_5102794_uploaded_image1_1734858570.jpg
Vêtements Homme,N/A,N/A,https://images.coinafrique.com/thumb_5059323_uploaded_image1_1732454589.jpg
Vêtements Homme,N/A,N/A,https://images.coinafrique.com/thumb_5102016_uploaded_image1_1734786693.jpg
Vêtements Homme,N/A,N/A,https://images.coinafrique.com/thumb_5101532_uploaded_image1_1734746874.jpg
Vêtements Homme,N/A,N/A,https://images.coinafrique.com/thumb_5101531_uploaded_image1_1734746760.jpg
Vêtements Homme,N/A,N/A,https://images.coinafrique.com/thumb_5101530_uploaded_image1_1734746678.jpg
Vêtements Homme,N/A,N/A,https://images.coinafrique.com/thumb_5101529_uploaded_image1_1734746594.jpg
Vêtements Homme,N/A,N/A,https://images.coinafrique.com/thumb_5101528_uploaded_image1_1734746493.jpg
Vêtements Homme,N/A,N/A,https://images.coinafrique.com/thumb_5100696_uploaded_image1_1734700994.jpg
Vêtements Homme,N/A,N/A,https://images.coinafrique.com/thumb_5054605_uploaded_image1_1732183413.jpg
Vêtements Homme,N/A,N/A,https://images.coinafrique.com/thumb_5054595_uploaded_image1_1732183262.jpg
Vêtements Homme,N/A,N/A,https://images.coinafrique.com/thumb_5054589_uploaded_image1_1732183096.jpg
Vêtements Homme,N/A,N/A,https://images.coinafrique.com/thumb_5054125_uploaded_image1_1732145023.jpg
Vêtements Homme,N/A,N/A,https://images.coinafrique.com/thumb_5053060_uploaded_image1_1732104559.jpg
Vêtements Homme,N/A,N/A,https://images.coinafrique.com/thumb_5053062_uploaded_image1_1732104635.jpg
Vêtements Homme,N/A,N/A,https://images.coinafrique.com/thumb_5095650_uploaded_image1_1734430886.jpg
Vêtements Homme,N/A,N/A,https://images.coinafrique.com/thumb_5095646_uploaded_image1_1734430818.jpg
Vêtements Homme,N/A,N/A,https://images.coinafrique.com/thumb_5052780_uploaded_image1_1732093902.jpg
Vêtements Homme,N/A,N/A,https://images.coinafrique.com/thumb_5092914_uploaded_image1_1734276390.jpg
Vêtements Homme,N/A,N/A,https://images.coinafrique.com/thumb_5092912_uploaded_image1_1734276304.jpg
Vêtements Homme,N/A,N/A,https://images.coinafrique.com/thumb_5092529_uploaded_image1_1734245850.jpg
Vêtements Homme,N/A,N/A,https://images.coinafrique.com/thumb_5048722_uploaded_image1_1731877991.jpg
Vêtements Homme,N/A,N/A,https://images.coinafrique.com/thumb_5048700_uploaded_image1_1731877499.jpg
Vêtements Homme,N/A,N/A,https://images.coinafrique.com/thumb_5091639_uploaded_image1_1734177011.jpg
Vêtements Homme,N/A,N/A,https://images.coinafrique.com/thumb_5047569_uploaded_image1_1731788362.jpg
Vêtements Homme,N/A,N/A,https://images.coinafrique.com/thumb_5047553_uploaded_image1_1731787389.jpg
Vêtements Homme,N/A,N/A,https://images.coinafrique.com/thumb_5090756_uploaded_image1_1734113501.jpg
Vêtements Homme,N/A,N/A,https://images.coinafrique.com/thumb_5090255_uploaded_image1_1734092997.jpg
Vêtements Homme,N/A,N/A,https://images.coinafrique.com/thumb_5090250_uploaded_image1_1734092879.jpg
Vêtements Homme,N/A,N/A,https://images.coinafrique.com/thumb_5046290_uploaded_image1_1731706762.jpg
Vêtements Homme,N/A,N/A,https://images.coinafrique.com/thumb_5087584_uploaded_image1_1733950687.jpg
Vêtements Homme,N/A,N/A,https://images.coinafrique.com/thumb_5087583_uploaded_image1_1733950636.jpg
Vêtements Homme,N/A,N/A,https://images.coinafrique.com/thumb_5087580_uploaded_image1_1733950551.jpg
Vêtements Homme,N/A,N/A,https://images.coinafrique.com/thumb_5087579_uploaded_image1_1733950492.jpg
Vêtements Homme,N/A,N/A,https://images.coinafrique.com/thumb_5085454_uploaded_image1_1733847996.jpg
Vêtements Homme,N/A,N/A,https://images.coinafrique.com/thumb_5085451_uploaded_image1_1733847919.jpg
Vêtements Homme,N/A,N/A,https://images.coinafrique.com/thumb_5042083_uploaded_image1_1731512018.58.jpeg
Vêtements Homme,N/A,N/A,https://images.coinafrique.com/thumb_5042023_uploaded_image1_1731511025.03.jpeg
Vêtements Homme,N/A,N/A,https://images.coinafrique.com/thumb_5060984_uploaded_image1_1732548890.59.jpeg
Vêtements Homme,N/A,N/A,https://images.coinafrique.com/thumb_5060988_uploaded_image1_1732548980.25.jpeg
Vêtements Homme,N/A,N/A,https://images.coinafrique.com/thumb_5042013_uploaded_image1_1731510770.07.jpeg
Vêtements Homme,N/A,N/A,https://images.coinafrique.com/thumb_5042015_uploaded_image1_1731510832.16.jpeg
Vêtements Homme,N/A,N/A,https://images.coinafrique.com/thumb_5042008_uploaded_image1_1731510699.91.jpeg
Vêtements Homme,N/A,N/A,https://images.coinafrique.com/thumb_5042017_uploaded_image1_1731510886.69.jpeg
Vêtements Homme,N/A,N/A,https://images.coinafrique.com/thumb_5042020_uploaded_image1_1731510968.09.jpeg
Vêtements Homme,N/A,N/A,https://images.coinafrique.com/thumb_5042004_uploaded_image1_1731510576.28.jpeg
Vêtements Homme,N/A,N/A,
Vêtements Homme,N/A,N/A,
Vêtements Homme,N/A,N/A,https://static.coinafrique.com/static/images/badge_top.svg
Vêtements Homme,N/A,N/A,
Vêtements Homme,N/A,N/A,https://images.coinafrique.com/thumb_5042005_uploaded_image1_1731510642.03.jpeg
Vêtements Homme,N/A,N/A,https://images.coinafrique.com/thumb_5042000_uploaded_image1_1731510514.82.jpeg
Vêtements Homme,N/A,N/A,https://images.coinafrique.com/thumb_5041995_uploaded_image1_1731510421.67.jpeg
Vêtements Homme,N/A,N/A,https://images.coinafrique.com/thumb_5085151_uploaded_image1_1733837545.jpg
Vêtements Homme,N/A,N/A,https://images.coinafrique.com/thumb_5084952_uploaded_image1_1733831208.jpg
Vêtements Homme,N/A,N/A,https://images.coinafrique.com/thumb_5084245_uploaded_image1_1733791143.jpg
Vêtements Homme,N/A,N/A,https://images.coinafrique.com/thumb_5040487_uploaded_image1_1731432680.jpg
Vêtements Homme,N/A,N/A,https://images.coinafrique.com/thumb_5040404_uploaded_image1_1731430024.jpg
Vêtements Homme,N/A,N/A,https://images.coinafrique.com/thumb_5083540_uploaded_image1_1733754885.jpg
Vêtements Homme,N/A,N/A,https://images.coinafrique.com/thumb_5083171_uploaded_image1_1733740914.jpg
Vêtements Homme,N/A,N/A,https://images.coinafrique.com/thumb_5082461_uploaded_image1_1733691771.jpg
Vêtements Homme,N/A,N/A,https://images.coinafrique.com/thumb_5082376_uploaded_image1_1733687615.jpg
Vêtements Homme,N/A,N/A,https://images.coinafrique.com/thumb_5038258_uploaded_image1_1731333237.jpg
Vêtements Homme,N/A,N/A,https://images.coinafrique.com/thumb_5081966_uploaded_image1_1733664487.jpg
Vêtements Homme,N/A,N/A,https://images.coinafrique.com/thumb_5081925_uploaded_image1_1733662275.jpg
Vêtements Homme,N/A,N/A,https://images.coinafrique.com/thumb_5080853_uploaded_image1_1733578155.jpg
Vêtements Homme,N/A,N/A,https://images.coinafrique.com/thumb_5080317_uploaded_image1_1733537098.jpg
Vêtements Homme,N/A,N/A,https://images.coinafrique.com/thumb_5035627_uploaded_image1_1731171841.jpg
Vêtements Homme,N/A,N/A,https://images.coinafrique.com/thumb_5079611_uploaded_image1_1733501013.jpg
Vêtements Homme,N/A,N/A,https://images.coinafrique.com/thumb_5034681_uploaded_image1_1731106425.jpg
Vêtements Homme,N/A,N/A,https://images.coinafrique.com/thumb_5034670_uploaded_image1_1731105582.jpg
Vêtements Homme,N/A,N/A,https://images.coinafrique.com/thumb_5077966_uploaded_image1_1733420326.jpg
Vêtements Homme,N/A,N/A,https://images.coinafrique.com/thumb_5077927_uploaded_image1_1733419213.jpg
Vêtements Homme,N/A,N/A,https://images.coinafrique.com/thumb_5075605_uploaded_image1_1733316337.jpg
Vêtements Homme,N/A,N/A,https://images.coinafrique.com/thumb_5028884_uploaded_image1_1730844568.jpg
Vêtements Homme,N/A,N/A,https://images.coinafrique.com/thumb_5028887_uploaded_image1_1730844645.jpg
Vêtements Homme,N/A,N/A,https://images.coinafrique.com/thumb_5072370_uploaded_image1_1733172703.jpg
Vêtements Homme,N/A,N/A,https://images.coinafrique.com/thumb_5071960_uploaded_image1_1733157846.jpg
Vêtements Homme,N/A,N/A,https://images.coinafrique.com/thumb_5068154_uploaded_image1_1732922296.jpg
Vêtements Homme,N/A,N/A,https://images.coinafrique.com/thumb_5066142_uploaded_image1_1732812604.jpg
Vêtements Homme,N/A,N/A,https://images.coinafrique.com/thumb_5021532_uploaded_image1_1730468069.jpg
Vêtements Homme,N/A,N/A,https://images.coinafrique.com/thumb_5064136_uploaded_image1_1732709317.jpg
Vêtements Homme,N/A,N/A,https://images.coinafrique.com/thumb_5064122_uploaded_image1_1732708928.jpg
Vêtements Homme,N/A,N/A,https://images.coinafrique.com/thumb_5062891_uploaded_image1_1732640129.jpg
Vêtements Homme,N/A,N/A,https://images.coinafrique.com/thumb_5017673_uploaded_image1_1730277083.jpg
Vêtements Homme,N/A,N/A,https://images.coinafrique.com/thumb_5017669_uploaded_image1_1730276939.jpg
Vêtements Homme,N/A,N/A,https://images.coinafrique.com/thumb_5017658_uploaded_image1_1730276517.jpg
Vêtements Homme,N/A,N/A,https://images.coinafrique.com/thumb_5017674_uploaded_image1_1730277173.jpg
Vêtements Homme,N/A,N/A,https://images.coinafrique.com/thumb_5017680_uploaded_image1_1730277354.jpg
Vêtements Homme,N/A,N/A,https://images.coinafrique.com/thumb_5017651_uploaded_image1_1730276328.jpg
Vêtements Homme,N/A,N/A,https://images.coinafrique.com/thumb_5017649_uploaded_image1_1730276172.jpg
Vêtements Homme,N/A,N/A,https://images.coinafrique.com/thumb_5017643_uploaded_image1_1730276074.jpg
Vêtements Homme,N/A,N/A,https://images.coinafrique.com/thumb_5060047_uploaded_image1_1732494172.jpg
Vêtements Homme,N/A,N/A,https://images.coinafrique.com/thumb_5060043_uploaded_image2_1732493842.jpeg
Vêtements Homme,N/A,N/A,https://images.coinafrique.com/thumb_5059345_uploaded_image1_1732456648.jpg
Vêtements Homme,N/A,N/A,https://images.coinafrique.com/thumb_5017930_uploaded_image1_1730288595.jpg
Vêtements Homme,N/A,N/A,https://images.coinafrique.com/thumb_5056118_uploaded_image1_1732266346.jpg
Vêtements Homme,N/A,N/A,https://images.coinafrique.com/thumb_5055867_uploaded_image1_1732245108.jpg
Vêtements Homme,N/A,N/A,https://images.coinafrique.com/thumb_5055866_uploaded_image1_1732245045.jpg
Vêtements Homme,N/A,N/A,https://images.coinafrique.com/thumb_5055865_uploaded_image1_1732244969.jpg
Vêtements Homme,N/A,N/A,https://images.coinafrique.com/thumb_5055538_uploaded_image1_1732222164.jpg
Vêtements Homme,N/A,N/A,https://images.coinafrique.com/thumb_5012319_uploaded_image1_1729947562.jpg
Vêtements Homme,N/A,N/A,https://images.coinafrique.com/thumb_5007455_uploaded_image1_1729679311.jpg
Vêtements Homme,N/A,N/A,https://images.coinafrique.com/thumb_5007453_uploaded_image1_1729679269.jpg
Vêtements Homme,N/A,N/A,https://images.coinafrique.com/thumb_5025750_uploaded_image1_1730714696.jpg
Vêtements Homme,N/A,N/A,https://images.coinafrique.com/thumb_5005656_uploaded_image1_1729592761.jpg
Vêtements Homme,N/A,N/A,https://images.coinafrique.com/thumb_5028858_uploaded_image1_1730843206.jpg
Vêtements Homme,N/A,N/A,https://images.coinafrique.com/thumb_5028857_uploaded_image1_1730843166.jpg
Vêtements Homme,N/A,N/A,https://images.coinafrique.com/thumb_5028856_uploaded_image1_1730843121.jpg
Vêtements Homme,N/A,N/A,https://images.coinafrique.com/thumb_5028853_uploaded_image1_1730843021.jpg
Vêtements Homme,N/A,N/A,https://images.coinafrique.com/thumb_5028851_uploaded_image1_1730842982.jpg
Vêtements Homme,N/A,N/A,https://images.coinafrique.com/thumb_5028849_uploaded_image1_1730842943.jpg
Vêtements Homme,N/A,N/A,https://images.coinafrique.com/thumb_5046295_uploaded_image1_1731706849.jpg
Vêtements Homme,N/A,N/A,https://images.coinafrique.com/thumb_5046243_uploaded_image1_1731704884.jpg
Vêtements Homme,N/A,N/A,https://images.coinafrique.com/thumb_5046241_uploaded_image1_1731704736.jpg
Vêtements Homme,N/A,N/A,https://images.coinafrique.com/thumb_4995725_uploaded_image1_1729028892.jpg
Vêtements Homme,N/A,N/A,https://images.coinafrique.com/thumb_5032793_uploaded_image1_1731030761.jpg
Vêtements Homme,N/A,N/A,https://images.coinafrique.com/thumb_5029024_uploaded_image1_1730854647.jpg
Vêtements Homme,N/A,N/A,https://images.coinafrique.com/thumb_5028589_uploaded_image1_1730831295.jpg
Vêtements Homme,N/A,N/A,https://images.coinafrique.com/thumb_5025627_uploaded_image1_1730710793.jpg
Vêtements Homme,N/A,N/A,https://images.coinafrique.com/thumb_5024561_uploaded_image1_1730640307.jpg
Vêtements Homme,N/A,N/A,https://images.coinafrique.com/thumb_5023466_uploaded_image1_1730561147.jpg
Vêtements Homme,N/A,N/A,https://images.coinafrique.com/thumb_5022929_uploaded_image1_1730540191.jpg
Vêtements Homme,N/A,N/A,https://images.coinafrique.com/thumb_5021535_uploaded_image1_1730468104.jpg
Vêtements Homme,N/A,N/A,https://images.coinafrique.com/thumb_5021529_uploaded_image1_1730467933.jpg
Vêtements Homme,N/A,N/A,https://images.coinafrique.com/thumb_5020704_uploaded_image1_1730422547.jpg
Vêtements Homme,N/A,N/A,https://images.coinafrique.com/thumb_5019694_uploaded_image1_1730382950.jpg
Vêtements Homme,N/A,N/A,https://images.coinafrique.com/thumb_4976520_uploaded_image1_1728030825.jpg
Vêtements Homme,N/A,N/A,https://images.coinafrique.com/thumb_4976517_uploaded_image1_1728030673.jpg
Vêtements Homme,N/A,N/A,https://images.coinafrique.com/thumb_5013631_uploaded_image1_1730051834.jpg
Vêtements Homme,N/A,N/A,https://images.coinafrique.com/thumb_5012650_uploaded_image1_1729966550.jpg
Vêtements Homme,N/A,N/A,https://images.coinafrique.com/thumb_4967156_uploaded_image1_1727620453.jpg
Vêtements Homme,N/A,N/A,https://images.coinafrique.com/thumb_4961802_uploaded_image1_1727281230.jpg
Vêtements Homme,N/A,N/A,https://images.coinafrique.com/thumb_4961445_uploaded_image1_1727269041.jpg
Vêtements Homme,N/A,N/A,
Vêtements Homme,N/A,N/A,
