Cat√©gorie,Prix,Localisation,Image
Chaussures Homme,N/A,N/A,https://images.coinafrique.com/thumb_5199034_uploaded_image2_1740297852.jpeg
Chaussures Homme,N/A,N/A,https://images.coinafrique.com/thumb_5179616_uploaded_image1_1739215885.jpg
Chaussures Homme,N/A,N/A,https://images.coinafrique.com/thumb_5197383_uploaded_image1_1740179093.jpg
Chaussures Homme,N/A,N/A,https://images.coinafrique.com/thumb_5177848_uploaded_image1_1739130539.jpg
Chaussures Homme,N/A,N/A,https://images.coinafrique.com/thumb_5177843_uploaded_image1_1739130312.jpg
Chaussures Homme,N/A,N/A,https://images.coinafrique.com/thumb_5196431_uploaded_image1_1740135850.jpg
Chaussures Homme,N/A,N/A,https://images.coinafrique.com/thumb_5196227_uploaded_image1_1740125424.jpg
Chaussures Homme,N/A,N/A,https://images.coinafrique.com/thumb_5194113_uploaded_image1_1740005785.jpg
Chaussures Homme,N/A,N/A,https://images.coinafrique.com/thumb_5194100_uploaded_image1_1740005290.jpg
Chaussures Homme,N/A,N/A,https://images.coinafrique.com/thumb_5193398_uploaded_image1_1739980600.jpg
Chaussures Homme,N/A,N/A,https://images.coinafrique.com/thumb_5193216_uploaded_image1_1739972583.jpg
Chaussures Homme,N/A,N/A,https://images.coinafrique.com/thumb_5191477_uploaded_image1_1739887936.jpg
Chaussures Homme,N/A,N/A,https://images.coinafrique.com/thumb_5191469_uploaded_image1_1739887825.jpg
Chaussures Homme,N/A,N/A,https://images.coinafrique.com/thumb_5149739_uploaded_image1_1737648314.jpg
Chaussures Homme,N/A,N/A,https://images.coinafrique.com/thumb_5188402_uploaded_image1_1739722646.jpg
Chaussures Homme,N/A,N/A,https://images.coinafrique.com/thumb_5188393_uploaded_image1_1739721997.jpg
Chaussures Homme,N/A,N/A,https://images.coinafrique.com/thumb_5187627_uploaded_image1_1739657463.jpg
Chaussures Homme,N/A,N/A,https://images.coinafrique.com/thumb_5140176_uploaded_image1_1737136642.jpg
Chaussures Homme,N/A,N/A,https://images.coinafrique.com/thumb_5187107_uploaded_image1_1739630380.jpg
Chaussures Homme,N/A,N/A,https://images.coinafrique.com/thumb_5187030_uploaded_image1_1739624970.jpg
Chaussures Homme,N/A,N/A,https://images.coinafrique.com/thumb_5186402_uploaded_image1_1739571890.jpg
Chaussures Homme,N/A,N/A,https://images.coinafrique.com/thumb_5186400_uploaded_image1_1739571800.jpg
Chaussures Homme,N/A,N/A,https://images.coinafrique.com/thumb_5186396_uploaded_image1_1739571589.jpg
Chaussures Homme,N/A,N/A,https://images.coinafrique.com/thumb_5186288_uploaded_image1_1739564697.jpg
Chaussures Homme,N/A,N/A,https://images.coinafrique.com/thumb_5185077_uploaded_image1_1739493115.jpg
Chaussures Homme,N/A,N/A,https://images.coinafrique.com/thumb_5183078_uploaded_image1_1739394084.jpg
Chaussures Homme,N/A,N/A,https://images.coinafrique.com/thumb_5181270_uploaded_image1_1739298996.jpg
Chaussures Homme,N/A,N/A,https://images.coinafrique.com/thumb_5181267_uploaded_image1_1739298906.jpg
Chaussures Homme,N/A,N/A,https://images.coinafrique.com/thumb_5181265_uploaded_image1_1739298847.jpg
Chaussures Homme,N/A,N/A,https://images.coinafrique.com/thumb_5181262_uploaded_image1_1739298791.jpg
Chaussures Homme,N/A,N/A,https://images.coinafrique.com/thumb_5181164_uploaded_image1_1739295863.jpg
Chaussures Homme,N/A,N/A,https://images.coinafrique.com/thumb_5179631_uploaded_image1_1739216413.jpg
Chaussures Homme,N/A,N/A,https://images.coinafrique.com/thumb_5179175_uploaded_image1_1739198783.jpg
Chaussures Homme,N/A,N/A,https://images.coinafrique.com/thumb_5179168_uploaded_image1_1739198279.jpg
Chaussures Homme,N/A,N/A,https://images.coinafrique.com/thumb_5179104_uploaded_image1_1739196241.jpg
Chaussures Homme,N/A,N/A,https://images.coinafrique.com/thumb_5178703_uploaded_image1_1739182394.jpg
Chaussures Homme,N/A,N/A,https://images.coinafrique.com/thumb_5178700_uploaded_image1_1739182330.jpg
Chaussures Homme,N/A,N/A,https://images.coinafrique.com/thumb_5129157_uploaded_image1_1736533953.jpg
Chaussures Homme,N/A,N/A,https://images.coinafrique.com/thumb_5176998_uploaded_image1_1739057835.jpg
Chaussures Homme,N/A,N/A,https://images.coinafrique.com/thumb_5176593_uploaded_image1_1739030967.jpg
Chaussures Homme,N/A,N/A,https://images.coinafrique.com/thumb_5145823_uploaded_image1_1737473366.jpg
Chaussures Homme,N/A,N/A,https://images.coinafrique.com/thumb_5145826_uploaded_image1_1737473583.jpg
Chaussures Homme,N/A,N/A,https://images.coinafrique.com/thumb_5145127_uploaded_image1_1737450607.jpg
Chaussures Homme,N/A,N/A,https://images.coinafrique.com/thumb_5145122_uploaded_image1_1737450413.jpg
Chaussures Homme,N/A,N/A,https://images.coinafrique.com/thumb_5145116_uploaded_image1_1737450247.jpg
Chaussures Homme,N/A,N/A,https://images.coinafrique.com/thumb_5144361_uploaded_image1_1737399759.jpg
Chaussures Homme,N/A,N/A,https://images.coinafrique.com/thumb_5175476_uploaded_image1_1738955928.jpg
Chaussures Homme,N/A,N/A,https://images.coinafrique.com/thumb_5127678_uploaded_image1_1736452468.jpg
Chaussures Homme,N/A,N/A,https://images.coinafrique.com/thumb_5127684_uploaded_image1_1736452819.jpg
Chaussures Homme,N/A,N/A,https://images.coinafrique.com/thumb_5127688_uploaded_image1_1736452967.jpg
Chaussures Homme,N/A,N/A,https://images.coinafrique.com/thumb_5172099_uploaded_image1_1738792469.jpg
Chaussures Homme,N/A,N/A,https://images.coinafrique.com/thumb_5171907_uploaded_image1_1738783067.jpg
Chaussures Homme,N/A,N/A,https://images.coinafrique.com/thumb_5171903_uploaded_image1_1738782841.jpg
Chaussures Homme,N/A,N/A,https://images.coinafrique.com/thumb_5171902_uploaded_image1_1738782763.jpg
Chaussures Homme,N/A,N/A,https://images.coinafrique.com/thumb_5171892_uploaded_image1_1738782485.jpg
Chaussures Homme,N/A,N/A,https://images.coinafrique.com/thumb_5171888_uploaded_image1_1738782369.jpg
Chaussures Homme,N/A,N/A,https://images.coinafrique.com/thumb_5171845_uploaded_image1_1738780968.jpg
Chaussures Homme,N/A,N/A,https://images.coinafrique.com/thumb_5171780_uploaded_image1_1738777579.jpg
Chaussures Homme,N/A,N/A,https://images.coinafrique.com/thumb_5169941_uploaded_image1_1738689816.jpg
Chaussures Homme,N/A,N/A,https://images.coinafrique.com/thumb_5168368_uploaded_image1_1738628934.jpg
Chaussures Homme,N/A,N/A,https://images.coinafrique.com/thumb_5166529_uploaded_image2_1738570827.jpeg
Chaussures Homme,N/A,N/A,https://images.coinafrique.com/thumb_5165863_uploaded_image1_1738523413.jpg
Chaussures Homme,N/A,N/A,https://images.coinafrique.com/thumb_5165861_uploaded_image1_1738523279.jpg
Chaussures Homme,N/A,N/A,https://images.coinafrique.com/thumb_5165858_uploaded_image1_1738523003.jpg
Chaussures Homme,N/A,N/A,https://images.coinafrique.com/thumb_5165856_uploaded_image1_1738522870.jpg
Chaussures Homme,N/A,N/A,https://images.coinafrique.com/thumb_5165752_uploaded_image1_1738519170.jpg
Chaussures Homme,N/A,N/A,https://images.coinafrique.com/thumb_5165685_uploaded_image1_1738516030.jpg
Chaussures Homme,N/A,N/A,https://images.coinafrique.com/thumb_5165588_uploaded_image1_1738510508.jpg
Chaussures Homme,N/A,N/A,https://images.coinafrique.com/thumb_5165587_uploaded_image1_1738510455.jpg
Chaussures Homme,N/A,N/A,https://images.coinafrique.com/thumb_5164976_uploaded_image1_1738461387.jpg
Chaussures Homme,N/A,N/A,https://images.coinafrique.com/thumb_5164401_uploaded_image1_1738425286.jpg
Chaussures Homme,N/A,N/A,https://images.coinafrique.com/thumb_5163774_uploaded_image1_1738401744.jpg
Chaussures Homme,N/A,N/A,https://images.coinafrique.com/thumb_5115555_uploaded_image1_1735817188.jpg
Chaussures Homme,N/A,N/A,https://images.coinafrique.com/thumb_5115549_uploaded_image1_1735816929.jpg
Chaussures Homme,N/A,N/A,https://images.coinafrique.com/thumb_5160982_uploaded_image1_1738247854.jpg
Chaussures Homme,N/A,N/A,https://images.coinafrique.com/thumb_5160860_uploaded_image1_1738243354.jpg
Chaussures Homme,N/A,N/A,https://images.coinafrique.com/thumb_5159221_uploaded_image1_1738162375.jpg
Chaussures Homme,N/A,N/A,https://images.coinafrique.com/thumb_5157556_uploaded_image1_1738081427.jpg
Chaussures Homme,N/A,N/A,https://images.coinafrique.com/thumb_5157552_uploaded_image1_1738081319.jpg
Chaussures Homme,N/A,N/A,https://images.coinafrique.com/thumb_5157548_uploaded_image1_1738081163.jpg
Chaussures Homme,N/A,N/A,https://images.coinafrique.com/thumb_5157546_uploaded_image1_1738081046.jpg
Chaussures Homme,N/A,N/A,https://images.coinafrique.com/thumb_5157484_uploaded_image1_1738078792.jpg
Chaussures Homme,N/A,N/A,https://images.coinafrique.com/thumb_5155951_uploaded_image1_1738005577.jpg
Chaussures Homme,N/A,N/A,https://images.coinafrique.com/thumb_5153222_uploaded_image1_1737841616.jpg
Chaussures Homme,N/A,N/A,
Chaussures Homme,N/A,N/A,
